{
  "info": {
    "name": "Astrology App API",
    "description": "Complete API collection for Astrology App with Kundali, Horoscope, Panchang, Numerology, and Matching modules",
    "version": "1.0.0",
    "schema": "https://schema.getpostman.com/json/collection/v2.1.0/collection.json"
  },
  "variable": [
    {
      "key": "baseUrl",
      "value": "http://localhost:5000",
      "type": "string"
    },
    {
      "key": "token",
      "value": "",
      "type": "string"
    }
  ],
  "auth": {
    "type": "bearer",
    "bearer": [
      {
        "key": "token",
        "value": "{{token}}",
        "type": "string"
      }
    ]
  },
  "item": [
    {
      "name": "Health Check",
      "request": {
        "method": "GET",
        "header": [],
        "url": {
          "raw": "{{baseUrl}}/health",
          "host": ["{{baseUrl}}"],
          "path": ["health"]
        }
      }
    },
    {
      "name": "API Documentation",
      "request": {
        "method": "GET",
        "header": [],
        "url": {
          "raw": "{{baseUrl}}/api",
          "host": ["{{baseUrl}}"],
          "path": ["api"]
        }
      }
    },
    {
      "name": "Authentication",
      "item": [
        {
          "name": "Register User",
          "request": {
            "method": "POST",
            "header": [
              {
                "key": "Content-Type",
                "value": "application/json"
              }
            ],
            "body": {
              "mode": "raw",
              "raw": "{\n  \"name\": \"John Doe\",\n  \"email\": \"john@example.com\",\n  \"password\": \"password123\",\n  \"phone\": \"+1234567890\",\n  \"dateOfBirth\": \"1990-01-01\",\n  \"timeOfBirth\": \"10:30\",\n  \"placeOfBirth\": \"New York\"\n}"
            },
            "url": {
              "raw": "{{baseUrl}}/api/auth/register",
              "host": ["{{baseUrl}}"],
              "path": ["api", "auth", "register"]
            }
          }
        },
        {
          "name": "Login User",
          "request": {
            "method": "POST",
            "header": [
              {
                "key": "Content-Type",
                "value": "application/json"
              }
            ],
            "body": {
              "mode": "raw",
              "raw": "{\n  \"email\": \"john@example.com\",\n  \"password\": \"password123\"\n}"
            },
            "url": {
              "raw": "{{baseUrl}}/api/auth/login",
              "host": ["{{baseUrl}}"],
              "path": ["api", "auth", "login"]
            }
          },
          "event": [
            {
              "listen": "test",
              "script": {
                "exec": [
                  "if (pm.response.code === 200) {",
                  "    const response = pm.response.json();",
                  "    pm.collectionVariables.set('token', response.token);",
                  "}"
                ]
              }
            }
          ]
        },
        {
          "name": "Get Profile",
          "request": {
            "method": "GET",
            "header": [],
            "url": {
              "raw": "{{baseUrl}}/api/auth/me",
              "host": ["{{baseUrl}}"],
              "path": ["api", "auth", "me"]
            }
          }
        },
        {
          "name": "Update Details",
          "request": {
            "method": "PUT",
            "header": [
              {
                "key": "Content-Type",
                "value": "application/json"
              }
            ],
            "body": {
              "mode": "raw",
              "raw": "{\n  \"name\": \"John Updated\",\n  \"phone\": \"+1987654321\"\n}"
            },
            "url": {
              "raw": "{{baseUrl}}/api/auth/updatedetails",
              "host": ["{{baseUrl}}"],
              "path": ["api", "auth", "updatedetails"]
            }
          }
        },
        {
          "name": "Update Password",
          "request": {
            "method": "PUT",
            "header": [
              {
                "key": "Content-Type",
                "value": "application/json"
              }
            ],
            "body": {
              "mode": "raw",
              "raw": "{\n  \"currentPassword\": \"password123\",\n  \"newPassword\": \"newpassword123\"\n}"
            },
            "url": {
              "raw": "{{baseUrl}}/api/auth/updatepassword",
              "host": ["{{baseUrl}}"],
              "path": ["api", "auth", "updatepassword"]
            }
          }
        },
        {
          "name": "Logout",
          "request": {
            "method": "POST",
            "header": [],
            "url": {
              "raw": "{{baseUrl}}/api/auth/logout",
              "host": ["{{baseUrl}}"],
              "path": ["api", "auth", "logout"]
            }
          }
        }
      ]
    },
    {
      "name": "Kundali",
      "item": [
        {
          "name": "Create Kundali",
          "request": {
            "method": "POST",
            "header": [
              {
                "key": "Content-Type",
                "value": "application/json"
              }
            ],
            "body": {
              "mode": "raw",
              "raw": "{\n  \"name\": \"John Doe\",\n  \"dateOfBirth\": \"1990-01-01\",\n  \"timeOfBirth\": \"10:30\",\n  \"placeOfBirth\": \"New York\",\n  \"latitude\": 40.7128,\n  \"longitude\": -74.0060\n}"
            },
            "url": {
              "raw": "{{baseUrl}}/api/kundali",
              "host": ["{{baseUrl}}"],
              "path": ["api", "kundali"]
            }
          }
        },
        {
          "name": "Get All Kundalis",
          "request": {
            "method": "GET",
            "header": [],
            "url": {
              "raw": "{{baseUrl}}/api/kundali",
              "host": ["{{baseUrl}}"],
              "path": ["api", "kundali"]
            }
          }
        },
        {
          "name": "Get Kundali by ID",
          "request": {
            "method": "GET",
            "header": [],
            "url": {
              "raw": "{{baseUrl}}/api/kundali/{{kundaliId}}",
              "host": ["{{baseUrl}}"],
              "path": ["api", "kundali", "{{kundaliId}}"]
            }
          }
        },
        {
          "name": "Update Kundali",
          "request": {
            "method": "PUT",
            "header": [
              {
                "key": "Content-Type",
                "value": "application/json"
              }
            ],
            "body": {
              "mode": "raw",
              "raw": "{\n  \"name\": \"John Doe Updated\",\n  \"isPublic\": true\n}"
            },
            "url": {
              "raw": "{{baseUrl}}/api/kundali/{{kundaliId}}",
              "host": ["{{baseUrl}}"],
              "path": ["api", "kundali", "{{kundaliId}}"]
            }
          }
        },
        {
          "name": "Analyze Kundali",
          "request": {
            "method": "POST",
            "header": [],
            "url": {
              "raw": "{{baseUrl}}/api/kundali/{{kundaliId}}/analyze",
              "host": ["{{baseUrl}}"],
              "path": ["api", "kundali", "{{kundaliId}}", "analyze"]
            }
          }
        },
        {
          "name": "Get Kundali by Zodiac",
          "request": {
            "method": "GET",
            "header": [],
            "url": {
              "raw": "{{baseUrl}}/api/kundali/zodiac/Aries",
              "host": ["{{baseUrl}}"],
              "path": ["api", "kundali", "zodiac", "Aries"]
            }
          }
        },
        {
          "name": "Delete Kundali",
          "request": {
            "method": "DELETE",
            "header": [],
            "url": {
              "raw": "{{baseUrl}}/api/kundali/{{kundaliId}}",
              "host": ["{{baseUrl}}"],
              "path": ["api", "kundali", "{{kundaliId}}"]
            }
          }
        }
      ]
    },
    {
      "name": "Matching",
      "item": [
        {
          "name": "Create Matching",
          "request": {
            "method": "POST",
            "header": [
              {
                "key": "Content-Type",
                "value": "application/json"
              }
            ],
            "body": {
              "mode": "raw",
              "raw": "{\n  \"person1\": {\n    \"name\": \"John Doe\",\n    \"dateOfBirth\": \"1990-01-01\",\n    \"timeOfBirth\": \"10:30\",\n    \"placeOfBirth\": \"New York\"\n  },\n  \"person2\": {\n    \"name\": \"Jane Smith\",\n    \"dateOfBirth\": \"1992-05-15\",\n    \"timeOfBirth\": \"14:45\",\n    \"placeOfBirth\": \"Los Angeles\"\n  },\n  \"relationshipType\": \"Marriage\"\n}"
            },
            "url": {
              "raw": "{{baseUrl}}/api/matching",
              "host": ["{{baseUrl}}"],
              "path": ["api", "matching"]
            }
          }
        },
        {
          "name": "Get All Matchings",
          "request": {
            "method": "GET",
            "header": [],
            "url": {
              "raw": "{{baseUrl}}/api/matching",
              "host": ["{{baseUrl}}"],
              "path": ["api", "matching"]
            }
          }
        },
        {
          "name": "Get Matching by ID",
          "request": {
            "method": "GET",
            "header": [],
            "url": {
              "raw": "{{baseUrl}}/api/matching/{{matchingId}}",
              "host": ["{{baseUrl}}"],
              "path": ["api", "matching", "{{matchingId}}"]
            }
          }
        },
        {
          "name": "Get Matching by Relationship Type",
          "request": {
            "method": "GET",
            "header": [],
            "url": {
              "raw": "{{baseUrl}}/api/matching/relationship/Marriage",
              "host": ["{{baseUrl}}"],
              "path": ["api", "matching", "relationship", "Marriage"]
            }
          }
        },
        {
          "name": "Update Matching",
          "request": {
            "method": "PUT",
            "header": [
              {
                "key": "Content-Type",
                "value": "application/json"
              }
            ],
            "body": {
              "mode": "raw",
              "raw": "{\n  \"relationshipType\": \"Business\"\n}"
            },
            "url": {
              "raw": "{{baseUrl}}/api/matching/{{matchingId}}",
              "host": ["{{baseUrl}}"],
              "path": ["api", "matching", "{{matchingId}}"]
            }
          }
        },
        {
          "name": "Delete Matching",
          "request": {
            "method": "DELETE",
            "header": [],
            "url": {
              "raw": "{{baseUrl}}/api/matching/{{matchingId}}",
              "host": ["{{baseUrl}}"],
              "path": ["api", "matching", "{{matchingId}}"]
            }
          }
        }
      ]
    },
    {
      "name": "Horoscope",
      "item": [
        {
          "name": "Get All Horoscopes",
          "request": {
            "method": "GET",
            "header": [],
            "url": {
              "raw": "{{baseUrl}}/api/horoscope",
              "host": ["{{baseUrl}}"],
              "path": ["api", "horoscope"]
            }
          }
        },
        {
          "name": "Get Daily Horoscopes",
          "request": {
            "method": "GET",
            "header": [],
            "url": {
              "raw": "{{baseUrl}}/api/horoscope/daily",
              "host": ["{{baseUrl}}"],
              "path": ["api", "horoscope", "daily"]
            }
          }
        },
        {
          "name": "Get Weekly Horoscopes",
          "request": {
            "method": "GET",
            "header": [],
            "url": {
              "raw": "{{baseUrl}}/api/horoscope/weekly",
              "host": ["{{baseUrl}}"],
              "path": ["api", "horoscope", "weekly"]
            }
          }
        },
        {
          "name": "Get Horoscope by Zodiac and Type",
          "request": {
            "method": "GET",
            "header": [],
            "url": {
              "raw": "{{baseUrl}}/api/horoscope/Aries/daily",
              "host": ["{{baseUrl}}"],
              "path": ["api", "horoscope", "Aries", "daily"]
            }
          }
        },
        {
          "name": "Get Horoscope by ID",
          "request": {
            "method": "GET",
            "header": [],
            "url": {
              "raw": "{{baseUrl}}/api/horoscope/{{horoscopeId}}",
              "host": ["{{baseUrl}}"],
              "path": ["api", "horoscope", "{{horoscopeId}}"]
            }
          }
        },
        {
          "name": "Generate Personalized Horoscope",
          "request": {
            "method": "POST",
            "header": [
              {
                "key": "Content-Type",
                "value": "application/json"
              }
            ],
            "body": {
              "mode": "raw",
              "raw": "{\n  \"zodiacSign\": \"Aries\",\n  \"type\": \"daily\",\n  \"date\": \"2024-01-15\"\n}"
            },
            "url": {
              "raw": "{{baseUrl}}/api/horoscope/personalized",
              "host": ["{{baseUrl}}"],
              "path": ["api", "horoscope", "personalized"]
            }
          }
        },
        {
          "name": "Get Personalized Horoscopes",
          "request": {
            "method": "GET",
            "header": [],
            "url": {
              "raw": "{{baseUrl}}/api/horoscope/personalized",
              "host": ["{{baseUrl}}"],
              "path": ["api", "horoscope", "personalized"]
            }
          }
        }
      ]
    },
    {
      "name": "Panchang",
      "item": [
        {
          "name": "Get All Panchangs",
          "request": {
            "method": "GET",
            "header": [],
            "url": {
              "raw": "{{baseUrl}}/api/panchang",
              "host": ["{{baseUrl}}"],
              "path": ["api", "panchang"]
            }
          }
        },
        {
          "name": "Get Today's Panchang",
          "request": {
            "method": "GET",
            "header": [],
            "url": {
              "raw": "{{baseUrl}}/api/panchang/today?location=Mumbai",
              "host": ["{{baseUrl}}"],
              "path": ["api", "panchang", "today"],
              "query": [
                {
                  "key": "location",
                  "value": "Mumbai"
                }
              ]
            }
          }
        },
        {
          "name": "Get Panchang by Date",
          "request": {
            "method": "GET",
            "header": [],
            "url": {
              "raw": "{{baseUrl}}/api/panchang/date/2024-01-15?location=Delhi",
              "host": ["{{baseUrl}}"],
              "path": ["api", "panchang", "date", "2024-01-15"],
              "query": [
                {
                  "key": "location",
                  "value": "Delhi"
                }
              ]
            }
          }
        },
        {
          "name": "Get Panchang by Location",
          "request": {
            "method": "GET",
            "header": [],
            "url": {
              "raw": "{{baseUrl}}/api/panchang/location/Mumbai",
              "host": ["{{baseUrl}}"],
              "path": ["api", "panchang", "location", "Mumbai"]
            }
          }
        },
        {
          "name": "Get Muhurat",
          "request": {
            "method": "GET",
            "header": [],
            "url": {
              "raw": "{{baseUrl}}/api/panchang/muhurat/2024-01-15?location=Delhi",
              "host": ["{{baseUrl}}"],
              "path": ["api", "panchang", "muhurat", "2024-01-15"],
              "query": [
                {
                  "key": "location",
                  "value": "Delhi"
                }
              ]
            }
          }
        },
        {
          "name": "Get Festivals",
          "request": {
            "method": "GET",
            "header": [],
            "url": {
              "raw": "{{baseUrl}}/api/panchang/festivals?startDate=2024-01-01&endDate=2024-12-31&location=Mumbai",
              "host": ["{{baseUrl}}"],
              "path": ["api", "panchang", "festivals"],
              "query": [
                {
                  "key": "startDate",
                  "value": "2024-01-01"
                },
                {
                  "key": "endDate",
                  "value": "2024-12-31"
                },
                {
                  "key": "location",
                  "value": "Mumbai"
                }
              ]
            }
          }
        },
        {
          "name": "Get Panchang by ID",
          "request": {
            "method": "GET",
            "header": [],
            "url": {
              "raw": "{{baseUrl}}/api/panchang/{{panchangId}}",
              "host": ["{{baseUrl}}"],
              "path": ["api", "panchang", "{{panchangId}}"]
            }
          }
        }
      ]
    },
    {
      "name": "Numerology",
      "item": [
        {
          "name": "Create Numerology Report",
          "request": {
            "method": "POST",
            "header": [
              {
                "key": "Content-Type",
                "value": "application/json"
              }
            ],
            "body": {
              "mode": "raw",
              "raw": "{\n  \"name\": \"John Doe\",\n  \"dateOfBirth\": \"1990-01-01\"\n}"
            },
            "url": {
              "raw": "{{baseUrl}}/api/numerology",
              "host": ["{{baseUrl}}"],
              "path": ["api", "numerology"]
            }
          }
        },
        {
          "name": "Get All Numerology Reports",
          "request": {
            "method": "GET",
            "header": [],
            "url": {
              "raw": "{{baseUrl}}/api/numerology",
              "host": ["{{baseUrl}}"],
              "path": ["api", "numerology"]
            }
          }
        },
        {
          "name": "Get Numerology by ID",
          "request": {
            "method": "GET",
            "header": [],
            "url": {
              "raw": "{{baseUrl}}/api/numerology/{{numerologyId}}",
              "host": ["{{baseUrl}}"],
              "path": ["api", "numerology", "{{numerologyId}}"]
            }
          }
        },
        {
          "name": "Get Numerology by Life Path Number",
          "request": {
            "method": "GET",
            "header": [],
            "url": {
              "raw": "{{baseUrl}}/api/numerology/life-path/1",
              "host": ["{{baseUrl}}"],
              "path": ["api", "numerology", "life-path", "1"]
            }
          }
        },
        {
          "name": "Generate Detailed Report",
          "request": {
            "method": "POST",
            "header": [],
            "url": {
              "raw": "{{baseUrl}}/api/numerology/{{numerologyId}}/detailed",
              "host": ["{{baseUrl}}"],
              "path": ["api", "numerology", "{{numerologyId}}", "detailed"]
            }
          }
        },
        {
          "name": "Update Numerology Report",
          "request": {
            "method": "PUT",
            "header": [
              {
                "key": "Content-Type",
                "value": "application/json"
              }
            ],
            "body": {
              "mode": "raw",
              "raw": "{\n  \"isDetailed\": true\n}"
            },
            "url": {
              "raw": "{{baseUrl}}/api/numerology/{{numerologyId}}",
              "host": ["{{baseUrl}}"],
              "path": ["api", "numerology", "{{numerologyId}}"]
            }
          }
        },
        {
          "name": "Delete Numerology Report",
          "request": {
            "method": "DELETE",
            "header": [],
            "url": {
              "raw": "{{baseUrl}}/api/numerology/{{numerologyId}}",
              "host": ["{{baseUrl}}"],
              "path": ["api", "numerology", "{{numerologyId}}"]
            }
          }
        }
      ]
    }
  ]
} 